"predator_id","prey_id","quality_code","source"
"SP001","SP012",1,"Kortsch et al. 2015 (Dryad)"
"SP001","SP014",1,"Kortsch et al. 2015 (Dryad)"
"SP001","SP023",1,"Kortsch et al. 2015 (Dryad)"
"SP001","SP028",1,"Kortsch et al. 2015 (Dryad)"
"SP001","SP032",1,"Kortsch et al. 2015 (Dryad)"
"SP001","SP033",1,"Kortsch et al. 2015 (Dryad)"
"SP001","SP036",1,"Kortsch et al. 2015 (Dryad)"
"SP001","SP045",1,"Kortsch et al. 2015 (Dryad)"
"SP001","SP046",1,"Kortsch et al. 2015 (Dryad)"
"SP001","SP047",1,"Kortsch et al. 2015 (Dryad)"
"SP001","SP048",1,"Kortsch et al. 2015 (Dryad)"
"SP001","SP049",1,"Kortsch et al. 2015 (Dryad)"
"SP001","SP050",1,"Kortsch et al. 2015 (Dryad)"
"SP001","SP051",1,"Kortsch et al. 2015 (Dryad)"
"SP001","SP053",1,"Kortsch et al. 2015 (Dryad)"
"SP001","SP054",1,"Kortsch et al. 2015 (Dryad)"
"SP001","SP055",1,"Kortsch et al. 2015 (Dryad)"
"SP001","SP057",1,"Kortsch et al. 2015 (Dryad)"
"SP001","SP059",1,"Kortsch et al. 2015 (Dryad)"
"SP001","SP061",1,"Kortsch et al. 2015 (Dryad)"
"SP001","SP062",1,"Kortsch et al. 2015 (Dryad)"
"SP001","SP064",1,"Kortsch et al. 2015 (Dryad)"
"SP001","SP065",1,"Kortsch et al. 2015 (Dryad)"
"SP001","SP068",1,"Kortsch et al. 2015 (Dryad)"
"SP001","SP069",1,"Kortsch et al. 2015 (Dryad)"
"SP001","SP071",1,"Kortsch et al. 2015 (Dryad)"
"SP001","SP072",1,"Kortsch et al. 2015 (Dryad)"
"SP001","SP073",1,"Kortsch et al. 2015 (Dryad)"
"SP001","SP074",1,"Kortsch et al. 2015 (Dryad)"
"SP001","SP075",1,"Kortsch et al. 2015 (Dryad)"
"SP001","SP077",1,"Kortsch et al. 2015 (Dryad)"
"SP001","SP078",1,"Kortsch et al. 2015 (Dryad)"
"SP001","SP079",1,"Kortsch et al. 2015 (Dryad)"
"SP001","SP080",1,"Kortsch et al. 2015 (Dryad)"
"SP001","SP081",1,"Kortsch et al. 2015 (Dryad)"
"SP001","SP082",1,"Kortsch et al. 2015 (Dryad)"
"SP001","SP083",1,"Kortsch et al. 2015 (Dryad)"
"SP001","SP084",1,"Kortsch et al. 2015 (Dryad)"
"SP001","SP085",1,"Kortsch et al. 2015 (Dryad)"
"SP001","SP086",1,"Kortsch et al. 2015 (Dryad)"
"SP001","SP087",1,"Kortsch et al. 2015 (Dryad)"
"SP001","SP088",1,"Kortsch et al. 2015 (Dryad)"
"SP001","SP089",1,"Kortsch et al. 2015 (Dryad)"
"SP001","SP092",1,"Kortsch et al. 2015 (Dryad)"
"SP001","SP093",1,"Kortsch et al. 2015 (Dryad)"
"SP001","SP094",1,"Kortsch et al. 2015 (Dryad)"
"SP001","SP097",1,"Kortsch et al. 2015 (Dryad)"
"SP001","SP099",1,"Kortsch et al. 2015 (Dryad)"
"SP001","SP100",1,"Kortsch et al. 2015 (Dryad)"
"SP001","SP101",1,"Kortsch et al. 2015 (Dryad)"
"SP001","SP102",1,"Kortsch et al. 2015 (Dryad)"
"SP001","SP106",1,"Kortsch et al. 2015 (Dryad)"
"SP001","SP126",1,"Kortsch et al. 2015 (Dryad)"
"SP001","SP128",1,"Kortsch et al. 2015 (Dryad)"
"SP001","SP129",1,"Kortsch et al. 2015 (Dryad)"
"SP002","SP005",1,"Kortsch et al. 2015 (Dryad)"
"SP002","SP010",1,"Kortsch et al. 2015 (Dryad)"
"SP002","SP014",1,"Kortsch et al. 2015 (Dryad)"
"SP002","SP037",1,"Kortsch et al. 2015 (Dryad)"
"SP002","SP041",1,"Kortsch et al. 2015 (Dryad)"
"SP002","SP042",1,"Kortsch et al. 2015 (Dryad)"
"SP002","SP043",1,"Kortsch et al. 2015 (Dryad)"
"SP002","SP056",1,"Kortsch et al. 2015 (Dryad)"
"SP002","SP057",1,"Kortsch et al. 2015 (Dryad)"
"SP002","SP058",1,"Kortsch et al. 2015 (Dryad)"
"SP002","SP074",1,"Kortsch et al. 2015 (Dryad)"
"SP002","SP083",1,"Kortsch et al. 2015 (Dryad)"
"SP002","SP098",1,"Kortsch et al. 2015 (Dryad)"
"SP002","SP104",1,"Kortsch et al. 2015 (Dryad)"
"SP002","SP136",1,"Kortsch et al. 2015 (Dryad)"
"SP003","SP005",1,"Kortsch et al. 2015 (Dryad)"
"SP003","SP008",1,"Kortsch et al. 2015 (Dryad)"
"SP003","SP010",1,"Kortsch et al. 2015 (Dryad)"
"SP003","SP012",1,"Kortsch et al. 2015 (Dryad)"
"SP003","SP018",1,"Kortsch et al. 2015 (Dryad)"
"SP003","SP023",1,"Kortsch et al. 2015 (Dryad)"
"SP003","SP029",1,"Kortsch et al. 2015 (Dryad)"
"SP003","SP030",1,"Kortsch et al. 2015 (Dryad)"
"SP003","SP032",1,"Kortsch et al. 2015 (Dryad)"
"SP003","SP033",1,"Kortsch et al. 2015 (Dryad)"
"SP003","SP047",1,"Kortsch et al. 2015 (Dryad)"
"SP003","SP052",1,"Kortsch et al. 2015 (Dryad)"
"SP003","SP063",1,"Kortsch et al. 2015 (Dryad)"
"SP003","SP091",1,"Kortsch et al. 2015 (Dryad)"
"SP004","SP014",1,"Kortsch et al. 2015 (Dryad)"
"SP004","SP015",1,"Kortsch et al. 2015 (Dryad)"
"SP004","SP016",1,"Kortsch et al. 2015 (Dryad)"
"SP004","SP036",1,"Kortsch et al. 2015 (Dryad)"
"SP004","SP043",1,"Kortsch et al. 2015 (Dryad)"
"SP004","SP045",1,"Kortsch et al. 2015 (Dryad)"
"SP004","SP055",1,"Kortsch et al. 2015 (Dryad)"
"SP004","SP058",1,"Kortsch et al. 2015 (Dryad)"
"SP004","SP062",1,"Kortsch et al. 2015 (Dryad)"
"SP004","SP063",1,"Kortsch et al. 2015 (Dryad)"
"SP004","SP065",1,"Kortsch et al. 2015 (Dryad)"
"SP004","SP068",1,"Kortsch et al. 2015 (Dryad)"
"SP004","SP074",1,"Kortsch et al. 2015 (Dryad)"
"SP004","SP083",1,"Kortsch et al. 2015 (Dryad)"
"SP004","SP087",1,"Kortsch et al. 2015 (Dryad)"
"SP004","SP089",1,"Kortsch et al. 2015 (Dryad)"
"SP004","SP092",1,"Kortsch et al. 2015 (Dryad)"
"SP004","SP094",1,"Kortsch et al. 2015 (Dryad)"
"SP004","SP097",1,"Kortsch et al. 2015 (Dryad)"
"SP004","SP099",1,"Kortsch et al. 2015 (Dryad)"
"SP004","SP104",1,"Kortsch et al. 2015 (Dryad)"
"SP004","SP105",1,"Kortsch et al. 2015 (Dryad)"
"SP004","SP136",1,"Kortsch et al. 2015 (Dryad)"
"SP005","SP010",1,"Kortsch et al. 2015 (Dryad)"
"SP005","SP014",1,"Kortsch et al. 2015 (Dryad)"
"SP005","SP041",1,"Kortsch et al. 2015 (Dryad)"
"SP005","SP042",1,"Kortsch et al. 2015 (Dryad)"
"SP005","SP043",1,"Kortsch et al. 2015 (Dryad)"
"SP005","SP056",1,"Kortsch et al. 2015 (Dryad)"
"SP005","SP058",1,"Kortsch et al. 2015 (Dryad)"
"SP005","SP074",1,"Kortsch et al. 2015 (Dryad)"
"SP005","SP083",1,"Kortsch et al. 2015 (Dryad)"
"SP005","SP104",1,"Kortsch et al. 2015 (Dryad)"
"SP005","SP136",1,"Kortsch et al. 2015 (Dryad)"
"SP006","SP012",1,"Kortsch et al. 2015 (Dryad)"
"SP006","SP023",1,"Kortsch et al. 2015 (Dryad)"
"SP006","SP032",1,"Kortsch et al. 2015 (Dryad)"
"SP006","SP033",1,"Kortsch et al. 2015 (Dryad)"
"SP007","SP043",1,"Kortsch et al. 2015 (Dryad)"
"SP007","SP074",1,"Kortsch et al. 2015 (Dryad)"
"SP007","SP103",1,"Kortsch et al. 2015 (Dryad)"
"SP008","SP010",1,"Kortsch et al. 2015 (Dryad)"
"SP008","SP136",1,"Kortsch et al. 2015 (Dryad)"
"SP009","SP010",1,"Kortsch et al. 2015 (Dryad)"
"SP009","SP012",1,"Kortsch et al. 2015 (Dryad)"
"SP009","SP014",1,"Kortsch et al. 2015 (Dryad)"
"SP009","SP015",1,"Kortsch et al. 2015 (Dryad)"
"SP009","SP016",1,"Kortsch et al. 2015 (Dryad)"
"SP009","SP019",1,"Kortsch et al. 2015 (Dryad)"
"SP009","SP022",1,"Kortsch et al. 2015 (Dryad)"
"SP009","SP024",1,"Kortsch et al. 2015 (Dryad)"
"SP009","SP026",1,"Kortsch et al. 2015 (Dryad)"
"SP009","SP027",1,"Kortsch et al. 2015 (Dryad)"
"SP009","SP029",1,"Kortsch et al. 2015 (Dryad)"
"SP009","SP030",1,"Kortsch et al. 2015 (Dryad)"
"SP009","SP031",1,"Kortsch et al. 2015 (Dryad)"
"SP009","SP032",1,"Kortsch et al. 2015 (Dryad)"
"SP009","SP033",1,"Kortsch et al. 2015 (Dryad)"
"SP009","SP037",1,"Kortsch et al. 2015 (Dryad)"
"SP009","SP039",1,"Kortsch et al. 2015 (Dryad)"
"SP009","SP045",1,"Kortsch et al. 2015 (Dryad)"
"SP009","SP047",1,"Kortsch et al. 2015 (Dryad)"
"SP009","SP048",1,"Kortsch et al. 2015 (Dryad)"
"SP009","SP051",1,"Kortsch et al. 2015 (Dryad)"
"SP009","SP052",1,"Kortsch et al. 2015 (Dryad)"
"SP009","SP054",1,"Kortsch et al. 2015 (Dryad)"
"SP009","SP062",1,"Kortsch et al. 2015 (Dryad)"
"SP009","SP064",1,"Kortsch et al. 2015 (Dryad)"
"SP009","SP065",1,"Kortsch et al. 2015 (Dryad)"
"SP009","SP074",1,"Kortsch et al. 2015 (Dryad)"
"SP009","SP076",1,"Kortsch et al. 2015 (Dryad)"
"SP009","SP079",1,"Kortsch et al. 2015 (Dryad)"
"SP009","SP080",1,"Kortsch et al. 2015 (Dryad)"
"SP009","SP082",1,"Kortsch et al. 2015 (Dryad)"
"SP009","SP084",1,"Kortsch et al. 2015 (Dryad)"
"SP009","SP085",1,"Kortsch et al. 2015 (Dryad)"
"SP009","SP090",1,"Kortsch et al. 2015 (Dryad)"
"SP009","SP091",1,"Kortsch et al. 2015 (Dryad)"
"SP009","SP093",1,"Kortsch et al. 2015 (Dryad)"
"SP009","SP094",1,"Kortsch et al. 2015 (Dryad)"
"SP009","SP096",1,"Kortsch et al. 2015 (Dryad)"
"SP009","SP099",1,"Kortsch et al. 2015 (Dryad)"
"SP009","SP100",1,"Kortsch et al. 2015 (Dryad)"
"SP009","SP101",1,"Kortsch et al. 2015 (Dryad)"
"SP009","SP102",1,"Kortsch et al. 2015 (Dryad)"
"SP009","SP104",1,"Kortsch et al. 2015 (Dryad)"
"SP009","SP136",1,"Kortsch et al. 2015 (Dryad)"
"SP010","SP010",1,"Kortsch et al. 2015 (Dryad)"
"SP010","SP014",1,"Kortsch et al. 2015 (Dryad)"
"SP010","SP015",1,"Kortsch et al. 2015 (Dryad)"
"SP010","SP016",1,"Kortsch et al. 2015 (Dryad)"
"SP010","SP023",1,"Kortsch et al. 2015 (Dryad)"
"SP010","SP032",1,"Kortsch et al. 2015 (Dryad)"
"SP010","SP033",1,"Kortsch et al. 2015 (Dryad)"
"SP011","SP018",1,"Kortsch et al. 2015 (Dryad)"
"SP012","SP024",1,"Kortsch et al. 2015 (Dryad)"
"SP012","SP112",1,"Kortsch et al. 2015 (Dryad)"
"SP012","SP142",1,"Kortsch et al. 2015 (Dryad)"
"SP012","SP143",1,"Kortsch et al. 2015 (Dryad)"
"SP013","SP018",1,"Kortsch et al. 2015 (Dryad)"
"SP014","SP011",1,"Kortsch et al. 2015 (Dryad)"
"SP014","SP013",1,"Kortsch et al. 2015 (Dryad)"
"SP014","SP018",1,"Kortsch et al. 2015 (Dryad)"
"SP014","SP021",1,"Kortsch et al. 2015 (Dryad)"
"SP014","SP023",1,"Kortsch et al. 2015 (Dryad)"
"SP014","SP024",1,"Kortsch et al. 2015 (Dryad)"
"SP014","SP025",1,"Kortsch et al. 2015 (Dryad)"
"SP014","SP034",1,"Kortsch et al. 2015 (Dryad)"
"SP014","SP035",1,"Kortsch et al. 2015 (Dryad)"
"SP014","SP037",1,"Kortsch et al. 2015 (Dryad)"
"SP014","SP038",1,"Kortsch et al. 2015 (Dryad)"
"SP014","SP039",1,"Kortsch et al. 2015 (Dryad)"
"SP014","SP040",1,"Kortsch et al. 2015 (Dryad)"
"SP014","SP041",1,"Kortsch et al. 2015 (Dryad)"
"SP014","SP042",1,"Kortsch et al. 2015 (Dryad)"
"SP014","SP055",1,"Kortsch et al. 2015 (Dryad)"
"SP014","SP066",1,"Kortsch et al. 2015 (Dryad)"
"SP014","SP085",1,"Kortsch et al. 2015 (Dryad)"
"SP014","SP096",1,"Kortsch et al. 2015 (Dryad)"
"SP014","SP108",1,"Kortsch et al. 2015 (Dryad)"
"SP014","SP112",1,"Kortsch et al. 2015 (Dryad)"
"SP014","SP121",1,"Kortsch et al. 2015 (Dryad)"
"SP014","SP126",1,"Kortsch et al. 2015 (Dryad)"
"SP014","SP133",1,"Kortsch et al. 2015 (Dryad)"
"SP014","SP138",1,"Kortsch et al. 2015 (Dryad)"
"SP014","SP142",1,"Kortsch et al. 2015 (Dryad)"
"SP014","SP143",1,"Kortsch et al. 2015 (Dryad)"
"SP014","SP148",1,"Kortsch et al. 2015 (Dryad)"
"SP014","SP153",1,"Kortsch et al. 2015 (Dryad)"
"SP015","SP013",1,"Kortsch et al. 2015 (Dryad)"
"SP015","SP021",1,"Kortsch et al. 2015 (Dryad)"
"SP015","SP023",1,"Kortsch et al. 2015 (Dryad)"
"SP015","SP024",1,"Kortsch et al. 2015 (Dryad)"
"SP015","SP025",1,"Kortsch et al. 2015 (Dryad)"
"SP015","SP034",1,"Kortsch et al. 2015 (Dryad)"
"SP015","SP035",1,"Kortsch et al. 2015 (Dryad)"
"SP015","SP037",1,"Kortsch et al. 2015 (Dryad)"
"SP015","SP039",1,"Kortsch et al. 2015 (Dryad)"
"SP015","SP040",1,"Kortsch et al. 2015 (Dryad)"
"SP015","SP041",1,"Kortsch et al. 2015 (Dryad)"
"SP015","SP042",1,"Kortsch et al. 2015 (Dryad)"
"SP015","SP066",1,"Kortsch et al. 2015 (Dryad)"
"SP015","SP067",1,"Kortsch et al. 2015 (Dryad)"
"SP015","SP085",1,"Kortsch et al. 2015 (Dryad)"
"SP015","SP096",1,"Kortsch et al. 2015 (Dryad)"
"SP015","SP108",1,"Kortsch et al. 2015 (Dryad)"
"SP015","SP109",1,"Kortsch et al. 2015 (Dryad)"
"SP015","SP112",1,"Kortsch et al. 2015 (Dryad)"
"SP015","SP120",1,"Kortsch et al. 2015 (Dryad)"
"SP015","SP121",1,"Kortsch et al. 2015 (Dryad)"
"SP015","SP126",1,"Kortsch et al. 2015 (Dryad)"
"SP015","SP133",1,"Kortsch et al. 2015 (Dryad)"
"SP015","SP138",1,"Kortsch et al. 2015 (Dryad)"
"SP015","SP140",1,"Kortsch et al. 2015 (Dryad)"
"SP015","SP142",1,"Kortsch et al. 2015 (Dryad)"
"SP015","SP148",1,"Kortsch et al. 2015 (Dryad)"
"SP015","SP153",1,"Kortsch et al. 2015 (Dryad)"
"SP016","SP013",1,"Kortsch et al. 2015 (Dryad)"
"SP016","SP018",1,"Kortsch et al. 2015 (Dryad)"
"SP016","SP021",1,"Kortsch et al. 2015 (Dryad)"
"SP016","SP023",1,"Kortsch et al. 2015 (Dryad)"
"SP016","SP024",1,"Kortsch et al. 2015 (Dryad)"
"SP016","SP025",1,"Kortsch et al. 2015 (Dryad)"
"SP016","SP034",1,"Kortsch et al. 2015 (Dryad)"
"SP016","SP035",1,"Kortsch et al. 2015 (Dryad)"
"SP016","SP037",1,"Kortsch et al. 2015 (Dryad)"
"SP016","SP039",1,"Kortsch et al. 2015 (Dryad)"
"SP016","SP040",1,"Kortsch et al. 2015 (Dryad)"
"SP016","SP041",1,"Kortsch et al. 2015 (Dryad)"
"SP016","SP042",1,"Kortsch et al. 2015 (Dryad)"
"SP016","SP066",1,"Kortsch et al. 2015 (Dryad)"
"SP016","SP085",1,"Kortsch et al. 2015 (Dryad)"
"SP016","SP096",1,"Kortsch et al. 2015 (Dryad)"
"SP016","SP108",1,"Kortsch et al. 2015 (Dryad)"
"SP016","SP110",1,"Kortsch et al. 2015 (Dryad)"
"SP016","SP112",1,"Kortsch et al. 2015 (Dryad)"
"SP016","SP117",1,"Kortsch et al. 2015 (Dryad)"
"SP016","SP118",1,"Kortsch et al. 2015 (Dryad)"
"SP016","SP120",1,"Kortsch et al. 2015 (Dryad)"
"SP016","SP121",1,"Kortsch et al. 2015 (Dryad)"
"SP016","SP123",1,"Kortsch et al. 2015 (Dryad)"
"SP016","SP126",1,"Kortsch et al. 2015 (Dryad)"
"SP016","SP133",1,"Kortsch et al. 2015 (Dryad)"
"SP016","SP138",1,"Kortsch et al. 2015 (Dryad)"
"SP016","SP139",1,"Kortsch et al. 2015 (Dryad)"
"SP016","SP140",1,"Kortsch et al. 2015 (Dryad)"
"SP016","SP142",1,"Kortsch et al. 2015 (Dryad)"
"SP016","SP143",1,"Kortsch et al. 2015 (Dryad)"
"SP016","SP148",1,"Kortsch et al. 2015 (Dryad)"
"SP016","SP153",1,"Kortsch et al. 2015 (Dryad)"
"SP017","SP037",1,"Kortsch et al. 2015 (Dryad)"
"SP017","SP119",1,"Kortsch et al. 2015 (Dryad)"
"SP017","SP142",1,"Kortsch et al. 2015 (Dryad)"
"SP017","SP147",1,"Kortsch et al. 2015 (Dryad)"
"SP017","SP148",1,"Kortsch et al. 2015 (Dryad)"
"SP019","SP018",1,"Kortsch et al. 2015 (Dryad)"
"SP020","SP018",1,"Kortsch et al. 2015 (Dryad)"
"SP022","SP018",1,"Kortsch et al. 2015 (Dryad)"
"SP022","SP142",1,"Kortsch et al. 2015 (Dryad)"
"SP023","SP023",1,"Kortsch et al. 2015 (Dryad)"
"SP023","SP024",1,"Kortsch et al. 2015 (Dryad)"
"SP023","SP112",1,"Kortsch et al. 2015 (Dryad)"
"SP023","SP115",1,"Kortsch et al. 2015 (Dryad)"
"SP023","SP134",1,"Kortsch et al. 2015 (Dryad)"
"SP023","SP142",1,"Kortsch et al. 2015 (Dryad)"
"SP023","SP143",1,"Kortsch et al. 2015 (Dryad)"
"SP023","SP149",1,"Kortsch et al. 2015 (Dryad)"
"SP023","SP151",1,"Kortsch et al. 2015 (Dryad)"
"SP023","SP157",1,"Kortsch et al. 2015 (Dryad)"
"SP023","SP158",1,"Kortsch et al. 2015 (Dryad)"
"SP024","SP017",1,"Kortsch et al. 2015 (Dryad)"
"SP024","SP037",1,"Kortsch et al. 2015 (Dryad)"
"SP024","SP112",1,"Kortsch et al. 2015 (Dryad)"
"SP024","SP140",1,"Kortsch et al. 2015 (Dryad)"
"SP024","SP142",1,"Kortsch et al. 2015 (Dryad)"
"SP026","SP013",1,"Kortsch et al. 2015 (Dryad)"
"SP026","SP020",1,"Kortsch et al. 2015 (Dryad)"
"SP026","SP021",1,"Kortsch et al. 2015 (Dryad)"
"SP026","SP023",1,"Kortsch et al. 2015 (Dryad)"
"SP026","SP024",1,"Kortsch et al. 2015 (Dryad)"
"SP026","SP025",1,"Kortsch et al. 2015 (Dryad)"
"SP026","SP034",1,"Kortsch et al. 2015 (Dryad)"
"SP026","SP035",1,"Kortsch et al. 2015 (Dryad)"
"SP026","SP037",1,"Kortsch et al. 2015 (Dryad)"
"SP026","SP039",1,"Kortsch et al. 2015 (Dryad)"
"SP026","SP040",1,"Kortsch et al. 2015 (Dryad)"
"SP026","SP066",1,"Kortsch et al. 2015 (Dryad)"
"SP026","SP096",1,"Kortsch et al. 2015 (Dryad)"
"SP026","SP112",1,"Kortsch et al. 2015 (Dryad)"
"SP026","SP118",1,"Kortsch et al. 2015 (Dryad)"
"SP026","SP121",1,"Kortsch et al. 2015 (Dryad)"
"SP026","SP123",1,"Kortsch et al. 2015 (Dryad)"
"SP026","SP133",1,"Kortsch et al. 2015 (Dryad)"
"SP026","SP142",1,"Kortsch et al. 2015 (Dryad)"
"SP026","SP158",1,"Kortsch et al. 2015 (Dryad)"
"SP027","SP020",1,"Kortsch et al. 2015 (Dryad)"
"SP027","SP034",1,"Kortsch et al. 2015 (Dryad)"
"SP027","SP035",1,"Kortsch et al. 2015 (Dryad)"
"SP028","SP013",1,"Kortsch et al. 2015 (Dryad)"
"SP028","SP018",1,"Kortsch et al. 2015 (Dryad)"
"SP028","SP020",1,"Kortsch et al. 2015 (Dryad)"
"SP028","SP021",1,"Kortsch et al. 2015 (Dryad)"
"SP028","SP023",1,"Kortsch et al. 2015 (Dryad)"
"SP028","SP025",1,"Kortsch et al. 2015 (Dryad)"
"SP028","SP039",1,"Kortsch et al. 2015 (Dryad)"
"SP028","SP040",1,"Kortsch et al. 2015 (Dryad)"
"SP028","SP096",1,"Kortsch et al. 2015 (Dryad)"
"SP028","SP112",1,"Kortsch et al. 2015 (Dryad)"
"SP028","SP142",1,"Kortsch et al. 2015 (Dryad)"
"SP029","SP018",1,"Kortsch et al. 2015 (Dryad)"
"SP029","SP037",1,"Kortsch et al. 2015 (Dryad)"
"SP029","SP112",1,"Kortsch et al. 2015 (Dryad)"
"SP029","SP133",1,"Kortsch et al. 2015 (Dryad)"
"SP029","SP142",1,"Kortsch et al. 2015 (Dryad)"
"SP030","SP039",1,"Kortsch et al. 2015 (Dryad)"
"SP030","SP118",1,"Kortsch et al. 2015 (Dryad)"
"SP030","SP142",1,"Kortsch et al. 2015 (Dryad)"
"SP031","SP018",1,"Kortsch et al. 2015 (Dryad)"
"SP031","SP020",1,"Kortsch et al. 2015 (Dryad)"
"SP031","SP055",1,"Kortsch et al. 2015 (Dryad)"
"SP031","SP085",1,"Kortsch et al. 2015 (Dryad)"
"SP031","SP109",1,"Kortsch et al. 2015 (Dryad)"
"SP031","SP142",1,"Kortsch et al. 2015 (Dryad)"
"SP032","SP024",1,"Kortsch et al. 2015 (Dryad)"
"SP032","SP112",1,"Kortsch et al. 2015 (Dryad)"
"SP032","SP143",1,"Kortsch et al. 2015 (Dryad)"
"SP032","SP158",1,"Kortsch et al. 2015 (Dryad)"
"SP033","SP024",1,"Kortsch et al. 2015 (Dryad)"
"SP033","SP112",1,"Kortsch et al. 2015 (Dryad)"
"SP033","SP143",1,"Kortsch et al. 2015 (Dryad)"
"SP034","SP112",1,"Kortsch et al. 2015 (Dryad)"
"SP035","SP020",1,"Kortsch et al. 2015 (Dryad)"
"SP035","SP121",1,"Kortsch et al. 2015 (Dryad)"
"SP035","SP133",1,"Kortsch et al. 2015 (Dryad)"
"SP035","SP142",1,"Kortsch et al. 2015 (Dryad)"
"SP036","SP013",1,"Kortsch et al. 2015 (Dryad)"
"SP036","SP018",1,"Kortsch et al. 2015 (Dryad)"
"SP036","SP021",1,"Kortsch et al. 2015 (Dryad)"
"SP036","SP024",1,"Kortsch et al. 2015 (Dryad)"
"SP036","SP025",1,"Kortsch et al. 2015 (Dryad)"
"SP036","SP035",1,"Kortsch et al. 2015 (Dryad)"
"SP036","SP036",1,"Kortsch et al. 2015 (Dryad)"
"SP036","SP037",1,"Kortsch et al. 2015 (Dryad)"
"SP036","SP038",1,"Kortsch et al. 2015 (Dryad)"
"SP036","SP085",1,"Kortsch et al. 2015 (Dryad)"
"SP036","SP109",1,"Kortsch et al. 2015 (Dryad)"
"SP036","SP110",1,"Kortsch et al. 2015 (Dryad)"
"SP036","SP112",1,"Kortsch et al. 2015 (Dryad)"
"SP036","SP117",1,"Kortsch et al. 2015 (Dryad)"
"SP036","SP120",1,"Kortsch et al. 2015 (Dryad)"
"SP036","SP123",1,"Kortsch et al. 2015 (Dryad)"
"SP036","SP133",1,"Kortsch et al. 2015 (Dryad)"
"SP036","SP142",1,"Kortsch et al. 2015 (Dryad)"
"SP037","SP018",1,"Kortsch et al. 2015 (Dryad)"
"SP037","SP020",1,"Kortsch et al. 2015 (Dryad)"
"SP037","SP022",1,"Kortsch et al. 2015 (Dryad)"
"SP037","SP038",1,"Kortsch et al. 2015 (Dryad)"
"SP037","SP085",1,"Kortsch et al. 2015 (Dryad)"
"SP037","SP112",1,"Kortsch et al. 2015 (Dryad)"
"SP037","SP120",1,"Kortsch et al. 2015 (Dryad)"
"SP037","SP140",1,"Kortsch et al. 2015 (Dryad)"
"SP037","SP142",1,"Kortsch et al. 2015 (Dryad)"
"SP038","SP018",1,"Kortsch et al. 2015 (Dryad)"
"SP039","SP066",1,"Kortsch et al. 2015 (Dryad)"
"SP039","SP085",1,"Kortsch et al. 2015 (Dryad)"
"SP039","SP107",1,"Kortsch et al. 2015 (Dryad)"
"SP039","SP110",1,"Kortsch et al. 2015 (Dryad)"
"SP039","SP111",1,"Kortsch et al. 2015 (Dryad)"
"SP039","SP112",1,"Kortsch et al. 2015 (Dryad)"
"SP039","SP113",1,"Kortsch et al. 2015 (Dryad)"
"SP039","SP115",1,"Kortsch et al. 2015 (Dryad)"
"SP039","SP116",1,"Kortsch et al. 2015 (Dryad)"
"SP039","SP124",1,"Kortsch et al. 2015 (Dryad)"
"SP039","SP129",1,"Kortsch et al. 2015 (Dryad)"
"SP039","SP130",1,"Kortsch et al. 2015 (Dryad)"
"SP039","SP132",1,"Kortsch et al. 2015 (Dryad)"
"SP039","SP133",1,"Kortsch et al. 2015 (Dryad)"
"SP039","SP135",1,"Kortsch et al. 2015 (Dryad)"
"SP039","SP139",1,"Kortsch et al. 2015 (Dryad)"
"SP039","SP142",1,"Kortsch et al. 2015 (Dryad)"
"SP039","SP143",1,"Kortsch et al. 2015 (Dryad)"
"SP039","SP147",1,"Kortsch et al. 2015 (Dryad)"
"SP039","SP148",1,"Kortsch et al. 2015 (Dryad)"
"SP039","SP149",1,"Kortsch et al. 2015 (Dryad)"
"SP039","SP153",1,"Kortsch et al. 2015 (Dryad)"
"SP040","SP018",1,"Kortsch et al. 2015 (Dryad)"
"SP040","SP066",1,"Kortsch et al. 2015 (Dryad)"
"SP040","SP085",1,"Kortsch et al. 2015 (Dryad)"
"SP040","SP107",1,"Kortsch et al. 2015 (Dryad)"
"SP040","SP110",1,"Kortsch et al. 2015 (Dryad)"
"SP040","SP111",1,"Kortsch et al. 2015 (Dryad)"
"SP040","SP112",1,"Kortsch et al. 2015 (Dryad)"
"SP040","SP113",1,"Kortsch et al. 2015 (Dryad)"
"SP040","SP115",1,"Kortsch et al. 2015 (Dryad)"
"SP040","SP116",1,"Kortsch et al. 2015 (Dryad)"
"SP040","SP119",1,"Kortsch et al. 2015 (Dryad)"
"SP040","SP121",1,"Kortsch et al. 2015 (Dryad)"
"SP040","SP124",1,"Kortsch et al. 2015 (Dryad)"
"SP040","SP128",1,"Kortsch et al. 2015 (Dryad)"
"SP040","SP129",1,"Kortsch et al. 2015 (Dryad)"
"SP040","SP130",1,"Kortsch et al. 2015 (Dryad)"
"SP040","SP132",1,"Kortsch et al. 2015 (Dryad)"
"SP040","SP133",1,"Kortsch et al. 2015 (Dryad)"
"SP040","SP135",1,"Kortsch et al. 2015 (Dryad)"
"SP040","SP137",1,"Kortsch et al. 2015 (Dryad)"
"SP040","SP138",1,"Kortsch et al. 2015 (Dryad)"
"SP040","SP139",1,"Kortsch et al. 2015 (Dryad)"
"SP040","SP140",1,"Kortsch et al. 2015 (Dryad)"
"SP040","SP142",1,"Kortsch et al. 2015 (Dryad)"
"SP040","SP143",1,"Kortsch et al. 2015 (Dryad)"
"SP040","SP147",1,"Kortsch et al. 2015 (Dryad)"
"SP040","SP148",1,"Kortsch et al. 2015 (Dryad)"
"SP040","SP149",1,"Kortsch et al. 2015 (Dryad)"
"SP040","SP151",1,"Kortsch et al. 2015 (Dryad)"
"SP040","SP153",1,"Kortsch et al. 2015 (Dryad)"
"SP040","SP157",1,"Kortsch et al. 2015 (Dryad)"
"SP040","SP158",1,"Kortsch et al. 2015 (Dryad)"
"SP041","SP066",1,"Kortsch et al. 2015 (Dryad)"
"SP041","SP085",1,"Kortsch et al. 2015 (Dryad)"
"SP041","SP107",1,"Kortsch et al. 2015 (Dryad)"
"SP041","SP108",1,"Kortsch et al. 2015 (Dryad)"
"SP041","SP112",1,"Kortsch et al. 2015 (Dryad)"
"SP041","SP113",1,"Kortsch et al. 2015 (Dryad)"
"SP041","SP115",1,"Kortsch et al. 2015 (Dryad)"
"SP041","SP116",1,"Kortsch et al. 2015 (Dryad)"
"SP041","SP117",1,"Kortsch et al. 2015 (Dryad)"
"SP041","SP120",1,"Kortsch et al. 2015 (Dryad)"
"SP041","SP121",1,"Kortsch et al. 2015 (Dryad)"
"SP041","SP128",1,"Kortsch et al. 2015 (Dryad)"
"SP041","SP129",1,"Kortsch et al. 2015 (Dryad)"
"SP041","SP130",1,"Kortsch et al. 2015 (Dryad)"
"SP041","SP131",1,"Kortsch et al. 2015 (Dryad)"
"SP041","SP132",1,"Kortsch et al. 2015 (Dryad)"
"SP041","SP133",1,"Kortsch et al. 2015 (Dryad)"
"SP041","SP138",1,"Kortsch et al. 2015 (Dryad)"
"SP041","SP140",1,"Kortsch et al. 2015 (Dryad)"
"SP041","SP142",1,"Kortsch et al. 2015 (Dryad)"
"SP041","SP143",1,"Kortsch et al. 2015 (Dryad)"
"SP041","SP145",1,"Kortsch et al. 2015 (Dryad)"
"SP041","SP147",1,"Kortsch et al. 2015 (Dryad)"
"SP041","SP148",1,"Kortsch et al. 2015 (Dryad)"
"SP041","SP149",1,"Kortsch et al. 2015 (Dryad)"
"SP041","SP153",1,"Kortsch et al. 2015 (Dryad)"
"SP041","SP157",1,"Kortsch et al. 2015 (Dryad)"
"SP041","SP158",1,"Kortsch et al. 2015 (Dryad)"
"SP042","SP066",1,"Kortsch et al. 2015 (Dryad)"
"SP042","SP107",1,"Kortsch et al. 2015 (Dryad)"
"SP042","SP108",1,"Kortsch et al. 2015 (Dryad)"
"SP042","SP112",1,"Kortsch et al. 2015 (Dryad)"
"SP042","SP116",1,"Kortsch et al. 2015 (Dryad)"
"SP042","SP121",1,"Kortsch et al. 2015 (Dryad)"
"SP042","SP126",1,"Kortsch et al. 2015 (Dryad)"
"SP042","SP129",1,"Kortsch et al. 2015 (Dryad)"
"SP042","SP130",1,"Kortsch et al. 2015 (Dryad)"
"SP042","SP131",1,"Kortsch et al. 2015 (Dryad)"
"SP042","SP142",1,"Kortsch et al. 2015 (Dryad)"
"SP042","SP145",1,"Kortsch et al. 2015 (Dryad)"
"SP042","SP147",1,"Kortsch et al. 2015 (Dryad)"
"SP042","SP148",1,"Kortsch et al. 2015 (Dryad)"
"SP042","SP149",1,"Kortsch et al. 2015 (Dryad)"
"SP042","SP153",1,"Kortsch et al. 2015 (Dryad)"
"SP042","SP157",1,"Kortsch et al. 2015 (Dryad)"
"SP042","SP158",1,"Kortsch et al. 2015 (Dryad)"
"SP043","SP151",1,"Kortsch et al. 2015 (Dryad)"
"SP044","SP082",1,"Kortsch et al. 2015 (Dryad)"
"SP046","SP085",1,"Kortsch et al. 2015 (Dryad)"
"SP046","SP095",1,"Kortsch et al. 2015 (Dryad)"
"SP047","SP108",1,"Kortsch et al. 2015 (Dryad)"
"SP047","SP120",1,"Kortsch et al. 2015 (Dryad)"
"SP047","SP140",1,"Kortsch et al. 2015 (Dryad)"
"SP048","SP055",1,"Kortsch et al. 2015 (Dryad)"
"SP048","SP108",1,"Kortsch et al. 2015 (Dryad)"
"SP048","SP151",1,"Kortsch et al. 2015 (Dryad)"
"SP048","SP155",1,"Kortsch et al. 2015 (Dryad)"
"SP048","SP158",1,"Kortsch et al. 2015 (Dryad)"
"SP049","SP060",1,"Kortsch et al. 2015 (Dryad)"
"SP049","SP098",1,"Kortsch et al. 2015 (Dryad)"
"SP049","SP108",1,"Kortsch et al. 2015 (Dryad)"
"SP049","SP117",1,"Kortsch et al. 2015 (Dryad)"
"SP051","SP055",1,"Kortsch et al. 2015 (Dryad)"
"SP051","SP089",1,"Kortsch et al. 2015 (Dryad)"
"SP051","SP093",1,"Kortsch et al. 2015 (Dryad)"
"SP052","SP014",1,"Kortsch et al. 2015 (Dryad)"
"SP052","SP041",1,"Kortsch et al. 2015 (Dryad)"
"SP052","SP083",1,"Kortsch et al. 2015 (Dryad)"
"SP052","SP085",1,"Kortsch et al. 2015 (Dryad)"
"SP052","SP136",1,"Kortsch et al. 2015 (Dryad)"
"SP052","SP142",1,"Kortsch et al. 2015 (Dryad)"
"SP053","SP108",1,"Kortsch et al. 2015 (Dryad)"
"SP053","SP151",1,"Kortsch et al. 2015 (Dryad)"
"SP053","SP155",1,"Kortsch et al. 2015 (Dryad)"
"SP055","SP055",1,"Kortsch et al. 2015 (Dryad)"
"SP056","SP070",1,"Kortsch et al. 2015 (Dryad)"
"SP056","SP108",1,"Kortsch et al. 2015 (Dryad)"
"SP056","SP155",1,"Kortsch et al. 2015 (Dryad)"
"SP057","SP055",1,"Kortsch et al. 2015 (Dryad)"
"SP057","SP089",1,"Kortsch et al. 2015 (Dryad)"
"SP059","SP108",1,"Kortsch et al. 2015 (Dryad)"
"SP061","SP108",1,"Kortsch et al. 2015 (Dryad)"
"SP061","SP119",1,"Kortsch et al. 2015 (Dryad)"
"SP062","SP093",1,"Kortsch et al. 2015 (Dryad)"
"SP063","SP014",1,"Kortsch et al. 2015 (Dryad)"
"SP063","SP015",1,"Kortsch et al. 2015 (Dryad)"
"SP063","SP016",1,"Kortsch et al. 2015 (Dryad)"
"SP063","SP037",1,"Kortsch et al. 2015 (Dryad)"
"SP063","SP055",1,"Kortsch et al. 2015 (Dryad)"
"SP063","SP077",1,"Kortsch et al. 2015 (Dryad)"
"SP063","SP083",1,"Kortsch et al. 2015 (Dryad)"
"SP063","SP085",1,"Kortsch et al. 2015 (Dryad)"
"SP063","SP089",1,"Kortsch et al. 2015 (Dryad)"
"SP063","SP107",1,"Kortsch et al. 2015 (Dryad)"
"SP063","SP126",1,"Kortsch et al. 2015 (Dryad)"
"SP063","SP158",1,"Kortsch et al. 2015 (Dryad)"
"SP064","SP055",1,"Kortsch et al. 2015 (Dryad)"
"SP065","SP043",1,"Kortsch et al. 2015 (Dryad)"
"SP065","SP077",1,"Kortsch et al. 2015 (Dryad)"
"SP065","SP082",1,"Kortsch et al. 2015 (Dryad)"
"SP065","SP089",1,"Kortsch et al. 2015 (Dryad)"
"SP065","SP112",1,"Kortsch et al. 2015 (Dryad)"
"SP065","SP117",1,"Kortsch et al. 2015 (Dryad)"
"SP065","SP121",1,"Kortsch et al. 2015 (Dryad)"
"SP065","SP122",1,"Kortsch et al. 2015 (Dryad)"
"SP065","SP126",1,"Kortsch et al. 2015 (Dryad)"
"SP065","SP127",1,"Kortsch et al. 2015 (Dryad)"
"SP065","SP128",1,"Kortsch et al. 2015 (Dryad)"
"SP065","SP129",1,"Kortsch et al. 2015 (Dryad)"
"SP065","SP134",1,"Kortsch et al. 2015 (Dryad)"
"SP065","SP137",1,"Kortsch et al. 2015 (Dryad)"
"SP065","SP141",1,"Kortsch et al. 2015 (Dryad)"
"SP066","SP066",1,"Kortsch et al. 2015 (Dryad)"
"SP066","SP111",1,"Kortsch et al. 2015 (Dryad)"
"SP066","SP137",1,"Kortsch et al. 2015 (Dryad)"
"SP066","SP143",1,"Kortsch et al. 2015 (Dryad)"
"SP066","SP145",1,"Kortsch et al. 2015 (Dryad)"
"SP066","SP148",1,"Kortsch et al. 2015 (Dryad)"
"SP066","SP149",1,"Kortsch et al. 2015 (Dryad)"
"SP066","SP150",1,"Kortsch et al. 2015 (Dryad)"
"SP066","SP151",1,"Kortsch et al. 2015 (Dryad)"
"SP066","SP152",1,"Kortsch et al. 2015 (Dryad)"
"SP066","SP154",1,"Kortsch et al. 2015 (Dryad)"
"SP066","SP156",1,"Kortsch et al. 2015 (Dryad)"
"SP066","SP157",1,"Kortsch et al. 2015 (Dryad)"
"SP066","SP158",1,"Kortsch et al. 2015 (Dryad)"
"SP070","SP055",1,"Kortsch et al. 2015 (Dryad)"
"SP070","SP082",1,"Kortsch et al. 2015 (Dryad)"
"SP070","SP119",1,"Kortsch et al. 2015 (Dryad)"
"SP070","SP151",1,"Kortsch et al. 2015 (Dryad)"
"SP070","SP155",1,"Kortsch et al. 2015 (Dryad)"
"SP071","SP098",1,"Kortsch et al. 2015 (Dryad)"
"SP072","SP055",1,"Kortsch et al. 2015 (Dryad)"
"SP072","SP118",1,"Kortsch et al. 2015 (Dryad)"
"SP074","SP089",1,"Kortsch et al. 2015 (Dryad)"
"SP074","SP151",1,"Kortsch et al. 2015 (Dryad)"
"SP075","SP055",1,"Kortsch et al. 2015 (Dryad)"
"SP077","SP055",1,"Kortsch et al. 2015 (Dryad)"
"SP077","SP060",1,"Kortsch et al. 2015 (Dryad)"
"SP077","SP108",1,"Kortsch et al. 2015 (Dryad)"
"SP077","SP119",1,"Kortsch et al. 2015 (Dryad)"
"SP077","SP129",1,"Kortsch et al. 2015 (Dryad)"
"SP078","SP055",1,"Kortsch et al. 2015 (Dryad)"
"SP078","SP119",1,"Kortsch et al. 2015 (Dryad)"
"SP078","SP128",1,"Kortsch et al. 2015 (Dryad)"
"SP078","SP129",1,"Kortsch et al. 2015 (Dryad)"
"SP079","SP055",1,"Kortsch et al. 2015 (Dryad)"
"SP079","SP060",1,"Kortsch et al. 2015 (Dryad)"
"SP079","SP098",1,"Kortsch et al. 2015 (Dryad)"
"SP079","SP114",1,"Kortsch et al. 2015 (Dryad)"
"SP079","SP119",1,"Kortsch et al. 2015 (Dryad)"
"SP079","SP129",1,"Kortsch et al. 2015 (Dryad)"
"SP080","SP055",1,"Kortsch et al. 2015 (Dryad)"
"SP080","SP098",1,"Kortsch et al. 2015 (Dryad)"
"SP081","SP098",1,"Kortsch et al. 2015 (Dryad)"
"SP082","SP055",1,"Kortsch et al. 2015 (Dryad)"
"SP082","SP060",1,"Kortsch et al. 2015 (Dryad)"
"SP082","SP098",1,"Kortsch et al. 2015 (Dryad)"
"SP082","SP108",1,"Kortsch et al. 2015 (Dryad)"
"SP082","SP111",1,"Kortsch et al. 2015 (Dryad)"
"SP082","SP114",1,"Kortsch et al. 2015 (Dryad)"
"SP082","SP119",1,"Kortsch et al. 2015 (Dryad)"
"SP082","SP129",1,"Kortsch et al. 2015 (Dryad)"
"SP082","SP137",1,"Kortsch et al. 2015 (Dryad)"
"SP082","SP151",1,"Kortsch et al. 2015 (Dryad)"
"SP083","SP085",1,"Kortsch et al. 2015 (Dryad)"
"SP083","SP089",1,"Kortsch et al. 2015 (Dryad)"
"SP083","SP112",1,"Kortsch et al. 2015 (Dryad)"
"SP083","SP126",1,"Kortsch et al. 2015 (Dryad)"
"SP083","SP141",1,"Kortsch et al. 2015 (Dryad)"
"SP083","SP142",1,"Kortsch et al. 2015 (Dryad)"
"SP083","SP143",1,"Kortsch et al. 2015 (Dryad)"
"SP084","SP055",1,"Kortsch et al. 2015 (Dryad)"
"SP084","SP108",1,"Kortsch et al. 2015 (Dryad)"
"SP084","SP143",1,"Kortsch et al. 2015 (Dryad)"
"SP084","SP151",1,"Kortsch et al. 2015 (Dryad)"
"SP084","SP155",1,"Kortsch et al. 2015 (Dryad)"
"SP085","SP055",1,"Kortsch et al. 2015 (Dryad)"
"SP085","SP085",1,"Kortsch et al. 2015 (Dryad)"
"SP085","SP107",1,"Kortsch et al. 2015 (Dryad)"
"SP085","SP108",1,"Kortsch et al. 2015 (Dryad)"
"SP085","SP112",1,"Kortsch et al. 2015 (Dryad)"
"SP085","SP113",1,"Kortsch et al. 2015 (Dryad)"
"SP085","SP115",1,"Kortsch et al. 2015 (Dryad)"
"SP085","SP119",1,"Kortsch et al. 2015 (Dryad)"
"SP085","SP129",1,"Kortsch et al. 2015 (Dryad)"
"SP085","SP130",1,"Kortsch et al. 2015 (Dryad)"
"SP085","SP131",1,"Kortsch et al. 2015 (Dryad)"
"SP085","SP132",1,"Kortsch et al. 2015 (Dryad)"
"SP085","SP137",1,"Kortsch et al. 2015 (Dryad)"
"SP085","SP138",1,"Kortsch et al. 2015 (Dryad)"
"SP085","SP143",1,"Kortsch et al. 2015 (Dryad)"
"SP085","SP149",1,"Kortsch et al. 2015 (Dryad)"
"SP085","SP150",1,"Kortsch et al. 2015 (Dryad)"
"SP085","SP151",1,"Kortsch et al. 2015 (Dryad)"
"SP085","SP154",1,"Kortsch et al. 2015 (Dryad)"
"SP085","SP157",1,"Kortsch et al. 2015 (Dryad)"
"SP085","SP158",1,"Kortsch et al. 2015 (Dryad)"
"SP086","SP085",1,"Kortsch et al. 2015 (Dryad)"
"SP087","SP055",1,"Kortsch et al. 2015 (Dryad)"
"SP088","SP020",1,"Kortsch et al. 2015 (Dryad)"
"SP088","SP043",1,"Kortsch et al. 2015 (Dryad)"
"SP088","SP044",1,"Kortsch et al. 2015 (Dryad)"
"SP088","SP055",1,"Kortsch et al. 2015 (Dryad)"
"SP088","SP082",1,"Kortsch et al. 2015 (Dryad)"
"SP088","SP085",1,"Kortsch et al. 2015 (Dryad)"
"SP088","SP089",1,"Kortsch et al. 2015 (Dryad)"
"SP088","SP093",1,"Kortsch et al. 2015 (Dryad)"
"SP088","SP095",1,"Kortsch et al. 2015 (Dryad)"
"SP088","SP098",1,"Kortsch et al. 2015 (Dryad)"
"SP088","SP107",1,"Kortsch et al. 2015 (Dryad)"
"SP088","SP108",1,"Kortsch et al. 2015 (Dryad)"
"SP088","SP111",1,"Kortsch et al. 2015 (Dryad)"
"SP088","SP112",1,"Kortsch et al. 2015 (Dryad)"
"SP088","SP114",1,"Kortsch et al. 2015 (Dryad)"
"SP088","SP115",1,"Kortsch et al. 2015 (Dryad)"
"SP088","SP116",1,"Kortsch et al. 2015 (Dryad)"
"SP088","SP117",1,"Kortsch et al. 2015 (Dryad)"
"SP088","SP118",1,"Kortsch et al. 2015 (Dryad)"
"SP088","SP119",1,"Kortsch et al. 2015 (Dryad)"
"SP088","SP120",1,"Kortsch et al. 2015 (Dryad)"
"SP088","SP121",1,"Kortsch et al. 2015 (Dryad)"
"SP088","SP122",1,"Kortsch et al. 2015 (Dryad)"
"SP088","SP124",1,"Kortsch et al. 2015 (Dryad)"
"SP088","SP125",1,"Kortsch et al. 2015 (Dryad)"
"SP088","SP127",1,"Kortsch et al. 2015 (Dryad)"
"SP088","SP128",1,"Kortsch et al. 2015 (Dryad)"
"SP088","SP129",1,"Kortsch et al. 2015 (Dryad)"
"SP088","SP134",1,"Kortsch et al. 2015 (Dryad)"
"SP088","SP137",1,"Kortsch et al. 2015 (Dryad)"
"SP088","SP139",1,"Kortsch et al. 2015 (Dryad)"
"SP088","SP140",1,"Kortsch et al. 2015 (Dryad)"
"SP088","SP151",1,"Kortsch et al. 2015 (Dryad)"
"SP089","SP044",1,"Kortsch et al. 2015 (Dryad)"
"SP089","SP082",1,"Kortsch et al. 2015 (Dryad)"
"SP089","SP089",1,"Kortsch et al. 2015 (Dryad)"
"SP089","SP121",1,"Kortsch et al. 2015 (Dryad)"
"SP089","SP140",1,"Kortsch et al. 2015 (Dryad)"
"SP089","SP151",1,"Kortsch et al. 2015 (Dryad)"
"SP091","SP055",1,"Kortsch et al. 2015 (Dryad)"
"SP091","SP089",1,"Kortsch et al. 2015 (Dryad)"
"SP091","SP093",1,"Kortsch et al. 2015 (Dryad)"
"SP091","SP108",1,"Kortsch et al. 2015 (Dryad)"
"SP091","SP137",1,"Kortsch et al. 2015 (Dryad)"
"SP093","SP114",1,"Kortsch et al. 2015 (Dryad)"
"SP094","SP095",1,"Kortsch et al. 2015 (Dryad)"
"SP094","SP120",1,"Kortsch et al. 2015 (Dryad)"
"SP095","SP107",1,"Kortsch et al. 2015 (Dryad)"
"SP095","SP143",1,"Kortsch et al. 2015 (Dryad)"
"SP095","SP145",1,"Kortsch et al. 2015 (Dryad)"
"SP095","SP151",1,"Kortsch et al. 2015 (Dryad)"
"SP096","SP108",1,"Kortsch et al. 2015 (Dryad)"
"SP096","SP112",1,"Kortsch et al. 2015 (Dryad)"
"SP096","SP119",1,"Kortsch et al. 2015 (Dryad)"
"SP096","SP137",1,"Kortsch et al. 2015 (Dryad)"
"SP096","SP142",1,"Kortsch et al. 2015 (Dryad)"
"SP096","SP150",1,"Kortsch et al. 2015 (Dryad)"
"SP096","SP151",1,"Kortsch et al. 2015 (Dryad)"
"SP096","SP157",1,"Kortsch et al. 2015 (Dryad)"
"SP096","SP158",1,"Kortsch et al. 2015 (Dryad)"
"SP097","SP118",1,"Kortsch et al. 2015 (Dryad)"
"SP097","SP151",1,"Kortsch et al. 2015 (Dryad)"
"SP097","SP157",1,"Kortsch et al. 2015 (Dryad)"
"SP098","SP095",1,"Kortsch et al. 2015 (Dryad)"
"SP098","SP113",1,"Kortsch et al. 2015 (Dryad)"
"SP098","SP129",1,"Kortsch et al. 2015 (Dryad)"
"SP098","SP150",1,"Kortsch et al. 2015 (Dryad)"
"SP098","SP151",1,"Kortsch et al. 2015 (Dryad)"
"SP098","SP155",1,"Kortsch et al. 2015 (Dryad)"
"SP098","SP158",1,"Kortsch et al. 2015 (Dryad)"
"SP099","SP055",1,"Kortsch et al. 2015 (Dryad)"
"SP100","SP055",1,"Kortsch et al. 2015 (Dryad)"
"SP100","SP085",1,"Kortsch et al. 2015 (Dryad)"
"SP100","SP112",1,"Kortsch et al. 2015 (Dryad)"
"SP100","SP118",1,"Kortsch et al. 2015 (Dryad)"
"SP100","SP129",1,"Kortsch et al. 2015 (Dryad)"
"SP103","SP055",1,"Kortsch et al. 2015 (Dryad)"
"SP103","SP060",1,"Kortsch et al. 2015 (Dryad)"
"SP103","SP098",1,"Kortsch et al. 2015 (Dryad)"
"SP103","SP108",1,"Kortsch et al. 2015 (Dryad)"
"SP103","SP129",1,"Kortsch et al. 2015 (Dryad)"
"SP103","SP155",1,"Kortsch et al. 2015 (Dryad)"
"SP104","SP085",1,"Kortsch et al. 2015 (Dryad)"
"SP104","SP118",1,"Kortsch et al. 2015 (Dryad)"
"SP104","SP129",1,"Kortsch et al. 2015 (Dryad)"
"SP108","SP149",1,"Kortsch et al. 2015 (Dryad)"
"SP110","SP151",1,"Kortsch et al. 2015 (Dryad)"
"SP110","SP154",1,"Kortsch et al. 2015 (Dryad)"
"SP110","SP158",1,"Kortsch et al. 2015 (Dryad)"
"SP112","SP119",1,"Kortsch et al. 2015 (Dryad)"
"SP112","SP137",1,"Kortsch et al. 2015 (Dryad)"
"SP112","SP143",1,"Kortsch et al. 2015 (Dryad)"
"SP112","SP144",1,"Kortsch et al. 2015 (Dryad)"
"SP112","SP145",1,"Kortsch et al. 2015 (Dryad)"
"SP112","SP146",1,"Kortsch et al. 2015 (Dryad)"
"SP112","SP147",1,"Kortsch et al. 2015 (Dryad)"
"SP112","SP148",1,"Kortsch et al. 2015 (Dryad)"
"SP112","SP149",1,"Kortsch et al. 2015 (Dryad)"
"SP112","SP150",1,"Kortsch et al. 2015 (Dryad)"
"SP112","SP151",1,"Kortsch et al. 2015 (Dryad)"
"SP112","SP152",1,"Kortsch et al. 2015 (Dryad)"
"SP112","SP153",1,"Kortsch et al. 2015 (Dryad)"
"SP112","SP154",1,"Kortsch et al. 2015 (Dryad)"
"SP112","SP155",1,"Kortsch et al. 2015 (Dryad)"
"SP112","SP157",1,"Kortsch et al. 2015 (Dryad)"
"SP112","SP158",1,"Kortsch et al. 2015 (Dryad)"
"SP113","SP113",1,"Kortsch et al. 2015 (Dryad)"
"SP114","SP107",1,"Kortsch et al. 2015 (Dryad)"
"SP114","SP137",1,"Kortsch et al. 2015 (Dryad)"
"SP115","SP055",1,"Kortsch et al. 2015 (Dryad)"
"SP115","SP151",1,"Kortsch et al. 2015 (Dryad)"
"SP116","SP137",1,"Kortsch et al. 2015 (Dryad)"
"SP117","SP119",1,"Kortsch et al. 2015 (Dryad)"
"SP119","SP107",1,"Kortsch et al. 2015 (Dryad)"
"SP119","SP137",1,"Kortsch et al. 2015 (Dryad)"
"SP119","SP143",1,"Kortsch et al. 2015 (Dryad)"
"SP119","SP149",1,"Kortsch et al. 2015 (Dryad)"
"SP119","SP151",1,"Kortsch et al. 2015 (Dryad)"
"SP119","SP157",1,"Kortsch et al. 2015 (Dryad)"
"SP119","SP158",1,"Kortsch et al. 2015 (Dryad)"
"SP123","SP149",1,"Kortsch et al. 2015 (Dryad)"
"SP123","SP155",1,"Kortsch et al. 2015 (Dryad)"
"SP123","SP157",1,"Kortsch et al. 2015 (Dryad)"
"SP123","SP158",1,"Kortsch et al. 2015 (Dryad)"
"SP124","SP149",1,"Kortsch et al. 2015 (Dryad)"
"SP124","SP155",1,"Kortsch et al. 2015 (Dryad)"
"SP124","SP157",1,"Kortsch et al. 2015 (Dryad)"
"SP124","SP158",1,"Kortsch et al. 2015 (Dryad)"
"SP125","SP119",1,"Kortsch et al. 2015 (Dryad)"
"SP125","SP151",1,"Kortsch et al. 2015 (Dryad)"
"SP126","SP119",1,"Kortsch et al. 2015 (Dryad)"
"SP126","SP151",1,"Kortsch et al. 2015 (Dryad)"
"SP128","SP107",1,"Kortsch et al. 2015 (Dryad)"
"SP129","SP107",1,"Kortsch et al. 2015 (Dryad)"
"SP130","SP107",1,"Kortsch et al. 2015 (Dryad)"
"SP130","SP147",1,"Kortsch et al. 2015 (Dryad)"
"SP130","SP151",1,"Kortsch et al. 2015 (Dryad)"
"SP130","SP158",1,"Kortsch et al. 2015 (Dryad)"
"SP131","SP107",1,"Kortsch et al. 2015 (Dryad)"
"SP132","SP107",1,"Kortsch et al. 2015 (Dryad)"
"SP132","SP137",1,"Kortsch et al. 2015 (Dryad)"
"SP132","SP147",1,"Kortsch et al. 2015 (Dryad)"
"SP132","SP151",1,"Kortsch et al. 2015 (Dryad)"
"SP132","SP158",1,"Kortsch et al. 2015 (Dryad)"
"SP133","SP055",1,"Kortsch et al. 2015 (Dryad)"
"SP133","SP107",1,"Kortsch et al. 2015 (Dryad)"
"SP133","SP111",1,"Kortsch et al. 2015 (Dryad)"
"SP133","SP112",1,"Kortsch et al. 2015 (Dryad)"
"SP133","SP113",1,"Kortsch et al. 2015 (Dryad)"
"SP133","SP116",1,"Kortsch et al. 2015 (Dryad)"
"SP133","SP119",1,"Kortsch et al. 2015 (Dryad)"
"SP133","SP124",1,"Kortsch et al. 2015 (Dryad)"
"SP133","SP130",1,"Kortsch et al. 2015 (Dryad)"
"SP133","SP133",1,"Kortsch et al. 2015 (Dryad)"
"SP133","SP137",1,"Kortsch et al. 2015 (Dryad)"
"SP133","SP138",1,"Kortsch et al. 2015 (Dryad)"
"SP133","SP143",1,"Kortsch et al. 2015 (Dryad)"
"SP133","SP144",1,"Kortsch et al. 2015 (Dryad)"
"SP133","SP145",1,"Kortsch et al. 2015 (Dryad)"
"SP133","SP146",1,"Kortsch et al. 2015 (Dryad)"
"SP133","SP147",1,"Kortsch et al. 2015 (Dryad)"
"SP133","SP148",1,"Kortsch et al. 2015 (Dryad)"
"SP133","SP149",1,"Kortsch et al. 2015 (Dryad)"
"SP133","SP150",1,"Kortsch et al. 2015 (Dryad)"
"SP133","SP152",1,"Kortsch et al. 2015 (Dryad)"
"SP133","SP153",1,"Kortsch et al. 2015 (Dryad)"
"SP133","SP154",1,"Kortsch et al. 2015 (Dryad)"
"SP133","SP157",1,"Kortsch et al. 2015 (Dryad)"
"SP134","SP151",1,"Kortsch et al. 2015 (Dryad)"
"SP134","SP155",1,"Kortsch et al. 2015 (Dryad)"
"SP136","SP018",1,"Kortsch et al. 2015 (Dryad)"
"SP136","SP037",1,"Kortsch et al. 2015 (Dryad)"
"SP136","SP042",1,"Kortsch et al. 2015 (Dryad)"
"SP136","SP045",1,"Kortsch et al. 2015 (Dryad)"
"SP136","SP067",1,"Kortsch et al. 2015 (Dryad)"
"SP136","SP095",1,"Kortsch et al. 2015 (Dryad)"
"SP136","SP108",1,"Kortsch et al. 2015 (Dryad)"
"SP136","SP125",1,"Kortsch et al. 2015 (Dryad)"
"SP136","SP142",1,"Kortsch et al. 2015 (Dryad)"
"SP136","SP143",1,"Kortsch et al. 2015 (Dryad)"
"SP136","SP147",1,"Kortsch et al. 2015 (Dryad)"
"SP136","SP148",1,"Kortsch et al. 2015 (Dryad)"
"SP136","SP151",1,"Kortsch et al. 2015 (Dryad)"
"SP136","SP153",1,"Kortsch et al. 2015 (Dryad)"
"SP136","SP156",1,"Kortsch et al. 2015 (Dryad)"
"SP137","SP107",1,"Kortsch et al. 2015 (Dryad)"
"SP137","SP137",1,"Kortsch et al. 2015 (Dryad)"
"SP137","SP147",1,"Kortsch et al. 2015 (Dryad)"
"SP137","SP150",1,"Kortsch et al. 2015 (Dryad)"
"SP137","SP153",1,"Kortsch et al. 2015 (Dryad)"
"SP137","SP154",1,"Kortsch et al. 2015 (Dryad)"
"SP137","SP157",1,"Kortsch et al. 2015 (Dryad)"
"SP140","SP119",1,"Kortsch et al. 2015 (Dryad)"
"SP142","SP144",1,"Kortsch et al. 2015 (Dryad)"
"SP142","SP156",1,"Kortsch et al. 2015 (Dryad)"
"SP143","SP148",1,"Kortsch et al. 2015 (Dryad)"
"SP143","SP156",1,"Kortsch et al. 2015 (Dryad)"
"SP150","SP156",1,"Kortsch et al. 2015 (Dryad)"
"SP150","SP159",1,"Kortsch et al. 2015 (Dryad)"
"SP151","SP155",1,"Kortsch et al. 2015 (Dryad)"
"SP151","SP159",1,"Kortsch et al. 2015 (Dryad)"
"SP154","SP156",1,"Kortsch et al. 2015 (Dryad)"
"SP155","SP159",1,"Kortsch et al. 2015 (Dryad)"
"SP157","SP155",1,"Kortsch et al. 2015 (Dryad)"
"SP157","SP159",1,"Kortsch et al. 2015 (Dryad)"
"SP158","SP155",1,"Kortsch et al. 2015 (Dryad)"
"SP158","SP159",1,"Kortsch et al. 2015 (Dryad)"
